date,phase,planned_x_posts,actual_x_posts,planned_linkedin_posts,actual_linkedin_posts,planned_x_reply_batches,actual_x_reply_batches,planned_linkedin_comment_batches,actual_linkedin_comment_batches,planned_direct_outreach,actual_direct_outreach,planned_metric_checks,actual_metric_checks,verified_replies,notes
2026-06-20,launch,1,1,1,1,1,3,0,0,10,8,5,6,0,Launch day: X thread and LinkedIn anchor published; X engagement Batches A/B/C posted; direct outreach Batch 1 partially completed as public touches; LinkedIn carousel blocked by upload path
2026-06-21,monitoring-and-drafting,0,0,0,0,0,0,0,0,0,0,6,11,1,"Heavy monitoring and drafting day: Luke Sophinos verified response found; horizontal GPT follow-up package, engagement queues, and runbooks prepared; no live posting without approval"
2026-06-22,rescue,1,0,0,0,2,0,2,1,5,0,3,10,1,Current rescue day: LinkedIn high-engagement comment batch posted after approval; latest completed checkpoint remains X root at 106 views and LinkedIn anchor at 244 impressions; 17:27 refresh attempt was blocked after browser timeout/crash; 19:27 automation was changed to 6-hour action-oriented checks; no new verified response; next recommended actions are Luke reply or X high-engagement reply batch after approval
2026-06-23,ai-teaching-pivot,1,1,1,0,2,3,1,1,0,0,2,3,1,"Pivoted from narrow AI GTM to broad AI teaching. Published 1 X native AI-teaching post and 6 X replies total: Luke, daryl/B3, Dan Rosenthal, Peter Yang, Matthew Berman, Madni Aghadi. LinkedIn native post attempted but blocked by editor focus, then LinkedIn commenting succeeded under Claire Vo's Claude Code/codebase leverage post; comment count moved from 3 to 4. X profile followers rose to 2061; no new campaign-quality reply surfaced in notifications."
2026-06-27,ai-teaching-sprint-day-1,2,1,1,0,2,1,2,3,0,0,4,3,1,"Three-day AI-teaching sprint day 1. Planned cadence: 2 X native posts, 1 LinkedIn native post, 2 X reply batches, 2 LinkedIn comment batches, 4-hour response checks. Actual so far: one X native post on workflow-before-cost, two posted X replies under Peter Yang and Claire Vo, and three verified LinkedIn AI-teaching comments under Parul, Ashwini, and Om Mishra. LinkedIn native post was attempted twice but blocked by editor input failure; retry used clipboard paste, alternate paste shortcut, and direct coordinate typing, all without inserting text. Extra X reply under CyrilXBT was drafted but discarded unsent after composer editing appended text. 21:59 maintenance heartbeat inspected local state but X notifications navigation timed out and browser-control reconnect also timed out, so no live action was posted. Visible evidence: Parul comment moved 62 to 63 comments; Ashwini eval comment moved 5 to 6 comments; Om workflow comment moved 45 to 46 comments; Peter target moved 27 to 28 replies. No DMs, emails, uploads, profile edits, paid actions, or security changes."
2026-06-28,ai-teaching-sprint-day-2,2,2,1,0,2,2,2,2,0,0,6,13,0,"Planned cadence: prompts-to-systems day. Current actuals: two verified native X posts: prompts-to-systems at https://x.com/ruchitdalwadi/status/2071090027891957859 and workflow-spec-not-prompt-templates at https://x.com/ruchitdalwadi/status/2071151914168021339; two completed X reply batches, including the latest 6-reply batch under Thariq, beamnxw, Catalin, JAZII, Rahul, and Avid; two completed LinkedIn comment batches, including the latest 5-comment batch under Rahul Singh AI workflow, AI agents workload poll, Ian Shkuro AI workflow poll, AI Makerspace agents/harnesses, and Srini Karlekar evals article. LinkedIn native remains 0/1 because native composer input remained blocked. Vaibhav Ponytail/AI coding agent comment was drafted but not counted because the editor did not clear after submit attempt. X notifications showed Mario reposted the workflow-before-cost native post and Byron liked the Claire Vo reply. 02:00 heartbeat attempted X notifications, but navigation timed out and browser-control reconnect also timed out; no public action posted. 06:10 heartbeat reached X compose and attempted the first native prompts-to-systems post, but submit and follow-up verification timed out. 10:07 heartbeat verified the phrase was still absent, retried compose successfully, recovered the status URL, and checked X/LinkedIn notifications; no substantive inbound required a response. 14:11 heartbeat checked X/LinkedIn notifications again, attempted a second LinkedIn comment batch, but LinkedIn editor input was blocked across multiple methods on the context-vs-harness article; switched to and verified the second native X post. 14:37 user-requested lag audit confirmed Sunday Day 2 and lagging areas: LinkedIn native 0/1, LinkedIn comments 1/2, X replies 1/2. 17:16 user requested 5-6 comment batches each platform; completed X reply batch 2 and LinkedIn comment batch 2. 18:04 maintenance heartbeat attempted X notifications first after completed batches, but browser-control timed out and reconnect also timed out; no public action posted. 22:01 maintenance heartbeat checked X and LinkedIn notifications; X showed Avid and JAZII liked today's replies, LinkedIn showed suggestions/jobs only, and no substantive inbound required a response. All X replies were drafted under 240 chars. No DMs, emails, uploads, profile edits, paid actions, or security changes."
2026-06-29,ai-teaching-sprint-day-3,2,2,1,0,3,1,3,3,0,0,6,10,0,"Planned cadence updated on 2026-06-29 after strategy revision: 2 X native posts/day, 1 LinkedIn native post/day or comment fallback, 3 X reply batches/day of 5-6 replies, 3 LinkedIn comment batches/day of 5 comments, and 4-hour response checks. Current actuals: Day 3 kickoff checked X and LinkedIn notifications first; no substantive inbound required response. Posted and verified first native X post on tiny evals/review loops: https://x.com/ruchitdalwadi/status/2071331138916974862. At 06:13 IST, checked X and LinkedIn notifications again; no substantive public inbound required response and no DM was sent. Completed first LinkedIn comment batch with 5 verified no-link comments under Shubham Saboo Agent Zero, Ali Raza looping agents, Lydia Delyova governance/tool-choice, GitHub loop engineering, and Kartik Raghavan spec-driven agents. At 10:16 IST, checked X and LinkedIn notifications again; no substantive public inbound required response and no DM was sent. Completed first X reply batch with 6 verified no-link replies under Jason Zhou, MIKE, Lummox, Archive, Codez, and Andrew. Reply URLs: https://x.com/ruchitdalwadi/status/2071455933730001058, https://x.com/ruchitdalwadi/status/2071455971491352894, https://x.com/ruchitdalwadi/status/2071456013522477552, https://x.com/ruchitdalwadi/status/2071456055528452278, https://x.com/ruchitdalwadi/status/2071456097685377085, https://x.com/ruchitdalwadi/status/2071456139670343804. At 10:48 IST, user asked to go ahead on LinkedIn comments and broaden keyword search; attempted LinkedIn notification check, broader context-engineering/AI-agents search comment under Pavan Belagatti, and alternate hashtag feed route, but browser-control repeatedly timed out. Attempted fallback second native X post with 272-char tools-vs-systems draft; initially unknown, then verified at 14:17 IST on profile: https://x.com/ruchitdalwadi/status/2071462093031878721 with 2 views. Also updated heartbeat automation to revised strategy: broad practical AI teaching, medium-hot rooms, LinkedIn as first-class channel, sharper comments, 5-6 batch size, broader keyword lanes, and explicit daily schedule windows. X notifications attempt timed out. Retried LinkedIn comments with broader AI workflow productivity search; first result was too cold at 8 reactions and scroll for better rooms timed out. At 14:56 IST, completed second LinkedIn comment batch with 5 verified no-link comments under Kanchan Kumari, Tejas Mahesh Paradkar, Pavan Belagatti, Anuj J., and Jasmeet Arora across PM workflows, Cursor workspace, context engineering, AI agents/workflows, and AI-first PM signal. At 18:01 IST, checked X and LinkedIn notifications; only likes/jobs/suggestions/search appearance, no substantive public inbound. Retried LinkedIn native composer; blocked because editor would not accept text and Post stayed disabled. Attempted second X reply batch; X reply/intended composer path did not produce verified replies, so no X replies counted. Posted 2 verified LinkedIn fallback comments under AI-for-work/productivity and applied-AI-forward-deployed-workflow posts. At 22:12 IST, user explicitly asked to continue for today past the normal cutoff; completed LinkedIn comment batch 3 by adding 3 verified comments under Deepu Prakash human-in-loop article, Mayur Upadhyay human-in-loop/coding-agents video, and Prashanth Subramanian private evals/harness article. Day 3 now has 2/2 X native posts, 1/3 X reply batches, and 3/3 LinkedIn comment batches. Remaining miss: X reply batches 2 and 3."
2026-06-30,ai-teaching-sprint-day-4,3,0,1,0,3,2,3,2,0,0,6,7,0,"10:00 IST block: checked LinkedIn and X notifications first; no substantive public inbound required response and no DMs were opened. Completed LinkedIn comment batch 1 with 5 verified no-link comments under Anish Agarwal loop engineering, Harsh Singh Claude beginner courses, Apoorva Pandey LinkedIn LLM workflow bridge, Jayakrishnan G n8n AI workflows, and Hari Sharma AI coding cost/model choice. Attempted first native X post with a 246-character workflow-engine draft, but compose submit did not verify on profile after two attempts and native DOM typing failed to insert text, so no X post was counted. After user challenged the lack of X comments, completed X reply batch 1 with 6 verified replies under Dann Petty Cursor iOS, Derya AI agents, Tom Doerr Claude Code minimal loop, Claire Vo Gusto AI-first app, Shubham Saboo one-person AI agents, and Elvis/Omar Qwen RL coding agents. 13:20 IST: X Premium operating plan added; planned X native target updated to 2-3/day. 14:00 IST block: checked X and LinkedIn inbound; X showed two new follows plus blue-check notification, LinkedIn showed jobs/search/suggestions only, no substantive public inbound. Attempted Premium-aware X reply batch 2 across six medium-hot/exact-fit rooms, but X reply UI stayed disabled or failed verification; no X replies counted. Completed LinkedIn comment batch 2 with 5 verified comments under Ferhat Balaban, Prashanth Balasubramanian, Parul Mahendru, Srikanth Velamakanni, and Manthan Thakkar. 18:00 IST block: checked X and LinkedIn inbound; no substantive public inbound. Attempted a new voice-and-value native X post, but the composer did not retain text. Attempted one X reply under Peter Yang's restricted-access/open-source AI post; inline composer accepted text, but the reply did not verify on with_replies or target conversation. Attempted LinkedIn comment under Aman Kumar's multi-agent AI team post; editor opened but rejected typing, paste, coordinate typing, and Playwright fill. 20:30 IST user requested immediate retry. X native retry failed from fresh tab because composer did not retain text. Peter Yang X reply retry target had grown to 8,917 views, 26 likes, 6 replies, and 3 bookmarks; inline composer accepted text and Reply was clicked, but it still did not verify. Aman Kumar LinkedIn retry target had grown to 74 reactions and 51 comments; editor opened but rejected text. All three retry rows are now manual_packet_needed and preserved in manual-packet-2026-06-30-2030.md. 20:50 IST heartbeat recovered one verified X reply under Peter Yang's AI adoption / Jess Yan post: https://x.com/ruchitdalwadi/status/2071977732133769691. Target showed 3,583 views, 7 replies, 4 reposts, 16 likes, and 7 bookmarks before posting. Current Day 4 actuals: 0/3 X native posts, 0/1 LinkedIn native posts, 1 completed X reply batch plus 1 extra verified X reply, and 2/3 LinkedIn comment batches. 21:35 IST late-block retry queue was exhausted; attempted fresh X reply-batch recovery, but browser control timed out while listing tabs immediately after reconnect. No public action posted or counted. 23:21 IST 24-hour execution wakeup inspected retry queue; no actionable due rows. Attempted compact X recovery because Day 4 was behind and browser was on X search. Open AI-adoption lane was low-quality launch spam; one switch to Claude Code/Cursor workflow search timed out and reset browser control. No public action posted or counted. 23:50 IST user requested retrying the low-quality search run with the new pain-based X Premium lane. Search returned materially better rooms. Posted and verified 4 compact recovery replies: Hayyan specialist workflow (https://x.com/ruchitdalwadi/status/2072022320127033522), Charlota AI design process (https://x.com/ruchitdalwadi/status/2072022507419582771), Sarah Parker/Bloome multi-agent workflow (https://x.com/ruchitdalwadi/status/2072022646343217558), and DataCamp beginner AI proficiency (https://x.com/ruchitdalwadi/status/2072022819756818699). Counted as compact X recovery batch 2."
2026-07-01,ai-teaching-sprint-day-5,3,0,1,0,3,0,3,0,0,0,8,7,0,"New 24-hour execution day initialized at 00:06 IST. Carry-forward strategy: use X Premium search bank with pain/workflow lanes first, sample at least 3 lanes before giving up, prioritize due retries/substantive inbound/compact recovery blocks off-hours, and keep LinkedIn first-class in daytime blocks. 10:00 IST active block attempted X notifications first, but browser navigation timed out/reset and reconnect also timed out. No inbound inspected, no public action posted, and no counts changed beyond logging the failed check. 10:11 IST user asked to start the block now. Browser home feed was responsive, so prepared four X replies from medium-hot home-feed targets. Batch runner timed out after submit flow began, then with_replies recovery verification also timed out. No X replies counted yet; four targets added to retry-queue.csv as verify_before_retry to avoid duplicates before retrying. 11:30 IST retry heartbeat processed four due X verify_before_retry rows. with_replies verification timed out twice from fresh browser-control sessions, so X retry was stopped for this wakeup. No replies were reposted or counted; rows remain preserved for the next clean verification pass. 12:14 IST retry heartbeat attempted a fresh browser-control pass, but selected-tab inspection timed out before any X or LinkedIn page could be read. No public action was posted or counted; four X verify_before_retry rows remain preserved. Next live block should switch LinkedIn-first if browser responds, because Day 5 is still at zero verified public actions. 12:59 IST heartbeat rechecked browser health. Setup connected, but selected-tab inspection timed out and reset control before X or LinkedIn could be read. No public action posted or counted; queued X rows preserved. Day 5 remains at zero verified public actions, so the next responsive block should bypass X recovery and run LinkedIn-first comments. 13:44 IST heartbeat tried a different browser-health route: browser setup connected, but tab listing/user open-tabs timed out before any live platform page could be reached. No public action posted or counted; queued X rows preserved. Day 5 remains at zero verified public actions. Highest-leverage fix is restoring browser control, then running LinkedIn-first comments immediately. 14:29 IST heartbeat performed browser troubleshooting: reacquired fresh browser, read troubleshooting guidance, and tried fresh tab creation; fresh tab creation timed out. No public action posted or counted. Updated heartbeat automation with a browser-health gate so future checks avoid repeated live-platform attempts until the browser is responsive. Day 5 remains at zero verified public actions. 23:00 IST user requested status and gap recovery on both platforms. Audit confirmed Day 5 gaps: 0/3 X native posts, 0/1 LinkedIn native posts, 0/3 X reply batches, 0/3 LinkedIn comment batches, with four X verify_before_retry rows preserved. Browser bootstrap succeeded, but LinkedIn navigation timed out/reset; after reconnect, selected-tab inspection also timed out/reset. No public action posted or counted. Next action when browser is responsive: LinkedIn-first 5-comment batch, then X retry verification/reply recovery. 00:27 IST Jul 2 clean retry resolved the four Day 5 X verify_before_retry rows; counted on Jul 2 ledger because public verification/retry completion happened after midnight."
2026-07-02,ai-teaching-sprint-day-6,3,0,1,1,3,3,3,2,0,0,8,8,4,"New day initialized by 00:27 IST retry recovery. Clean X retry verified 4 queued Day 5 replies on with_replies: Chris connector reply had already landed; Pawel model-choice, Claire Claude-access, and Peter Fable-limits replies were posted during retry and verified. Next priority: LinkedIn-first comment batch because LinkedIn remains behind. 01:18 IST heartbeat attempted LinkedIn-first comment recovery because LinkedIn was behind and X retry queue was clear. Browser connection succeeded, but LinkedIn search navigation timed out/reset; recovery selected-tab inspection also timed out/reset. No LinkedIn comment posted or counted. 11:36 IST user asked to start after reviewing scheduled-task automation. Browser health was clean, and completed first Day 6 LinkedIn comment batch with 5 verified no-link comments under Rishita Katoch, Harish kumar, Brevity Software Solutions, SGS Consulting, and Shivani Sisodiya/Ai Mindshare. 12:56 IST heartbeat found no due retry rows and browser health was clean, then completed a 5-reply X Premium batch across operator AI workflow, Claude/coding workflow, and agents/evals/model-routing lanes. 13:47 IST heartbeat found no due retry rows, browser health was clean, and completed second Day 6 LinkedIn comment batch with 5 verified no-link comments under Vornix Solutions, Gordian Staffing Careers, Dev Mohite, Srinivas Gutta, and Alex Padaliya. 14:29 IST heartbeat found no due retry rows, browser health was clean, sampled three X Premium lane families, and completed third Day 6 X reply batch with 5 verified replies under Myttle, AI Guides, Daily Dose of Data Science, Maestro, and kuch. 15:12 IST heartbeat used Composio LinkedIn first and published the Day 6 native LinkedIn rejected-output workflow post as urn:li:share:7478382489783144448; Composio read-back returned 403, so later visible metrics are needed. 15:58 IST heartbeat attempted X native recovery because X native posts remained 0/3, but two tab-level browser health checks timed out before X could be inspected; no public action posted. Day 6 remains at 0/3 X native posts, 1/1 LinkedIn native posts, 3/3 X reply batches, and 2/3 LinkedIn comment batches."
2026-07-03,ai-teaching-sprint-day-7,3,0,1,1,3,0,3,0,0,0,8,0,0,"New Day 7 row initialized at 00:18 IST after local heartbeat inspection. No actionable due retry rows. Carry-forward blockers: live X/browser-native LinkedIn remain gated by the latest two below-platform browser health failures from 2026-07-02T15:58 IST; 2026-07-02 daily stats refresh is already logged as blocked after Composio LinkedIn read-back timed out. 09:58 IST heartbeat was near the 10:00 IST block; retry queue had no actionable due rows, browser remained gated, and Composio LinkedIn was active, so published one native LinkedIn post via Composio: https://www.linkedin.com/feed/update/urn:li:share:7478665802834038785/. GET_POST_CONTENT read-back returned 403, so stats are blank until a visible checkpoint. No public LinkedIn comments were attempted because Composio requires an accessible share/ugcPost target and browser search/fallback stayed gated. 13:41 IST daily stats refresh checked 22 active registry rows. Composio LinkedIn GET_POST_CONTENT returned 403 for both active native share URNs; browser X/browser LinkedIn stats stayed gated by the latest two tab-level browser failures. No stats were updated or guessed. 14:26 IST block attempted Composio-only LinkedIn comment routing; active connection and comment creation tool were confirmed, but no accessible share/ugcPost target or public LinkedIn search tool was available without browser, and activity URNs are unsupported. No comment posted. 17:51 IST user-requested X/browser retry still failed below platform: initial discovery returned no selected/open tabs and fresh tab creation timed out; after reconnect, selected-tab lookup and fresh tab creation both timed out. No X page inspected and no public action taken."
2026-07-04,ai-teaching-sprint-day-8,3,0,1,1,3,0,3,0,0,0,8,3,0,"New Day 8 row initialized at 00:16 IST after local heartbeat inspection. No actionable due retry rows. Carry-forward blockers: live X/browser-native LinkedIn remain gated by the 2026-07-03T17:51 IST user-requested browser retry, where fresh tab creation and selected-tab lookup timed out below platform level. Composio LinkedIn can still create native posts, but no browser-free LinkedIn comment target is available because Composio has no public post search and existing LinkedIn comment targets lack durable share/ugcPost URNs. No public action taken. 03:07 IST overnight recovery heartbeat verified active Composio LinkedIn identity as Ruchit D / urn:li:person:q_REAAY3_T and published the Day 8 native LinkedIn model-switch note: https://www.linkedin.com/feed/update/urn:li:share:7479030295779004416/. Read-back schema lookup failed with a Composio transport HTTP request error, so metrics remain blank until a later visible checkpoint. Browser X/browser-native LinkedIn stayed gated. 13:25 IST daily stats refresh checked 23 active rows. Updated verified LinkedIn reaction totals for 3 native shares via Composio LIST_REACTIONS: day-8 model-switch note=2, day-7 agent handoff card=0, day-6 rejected-output workflow=2. GET_POST_CONTENT returned 403 Forbidden for all 3 personal share URNs; browser X/browser LinkedIn stats stayed gated. No public action taken."
