timestamp,platform,asset,checkpoint,post_url,impressions,likes,comments,reposts,profile_views,link_clicks,direct_replies,notes
2026-06-20T00:00:00+05:30,linkedin,document-carousel,draft,,,,,,,,,"PDF generated and visually checked"
2026-06-20T17:48:29+05:30,linkedin,anchor-post,prefilled_manual_submit_needed,,,,,,,,,"Approved anchor text is prefilled in LinkedIn composer and the blue Post button is visible; browser-control submit did not fire"
2026-06-20T18:20:47+05:30,linkedin,anchor-post,posted,https://www.linkedin.com/feed/update/urn:li:activity:7474074950476382208/,32,0,1,0,,0,0,"LinkedIn anchor post is live; first comment has LinkedIn UTM essay URL"
2026-06-20T22:27:37+05:30,linkedin,anchor-post,checkpoint-live,https://www.linkedin.com/feed/update/urn:li:activity:7474074950476382208/,99,0,1,0,24,0,0,"Visible LinkedIn post impressions refreshed before engagement/outreach push"
2026-06-20T17:36:00+05:30,x,thread,posted,https://x.com/ruchitdalwadi/status/2068304482589650946,,,,,,,,,"7-post thread published; essay link reply: https://x.com/ruchitdalwadi/status/2068304756179931420"
2026-06-20T17:48:29+05:30,x,thread,checkpoint-live,https://x.com/ruchitdalwadi/status/2068304482589650946,1,0,1,0,,0,0,"Visible root tweet baseline from X page; 10 post-launch reply candidates drafted"
2026-06-20T17:54:22+05:30,x,thread,checkpoint-live,https://x.com/ruchitdalwadi/status/2068304482589650946,7,0,1,0,,0,0,"Fresh X thread root snapshot; visible reply views include 6, 4, and 2 on replies 2-4"
2026-06-20T22:27:37+05:30,x,thread,checkpoint-live,https://x.com/ruchitdalwadi/status/2068304482589650946,45,1,2,0,,0,0,"Root thread before/around approved engagement push; Batch A replies posted immediately after"
2026-06-20T22:27:37+05:30,x,engagement-batch-a,posted,,0,0,0,0,,0,0,"Posted 5 approved replies: 2068375965752021269 2068376145280839822 2068376187139948849 2068376227967304132 2068376269579055580"
2026-06-20T22:27:37+05:30,direct,outreach-batch-1,partial-public-touches,,0,0,0,0,,0,0,"Public touches completed for Alexa, Polsia, MarkWeekly, collide, Lisa Calhoun, GTMnow, Luke Sophinos, and Radhesh Kanumury; Forum skipped; Michael pending"
2026-06-20T22:35:54+05:30,x,thread,checkpoint-live,https://x.com/ruchitdalwadi/status/2068304482589650946,50,1,2,0,,0,0,"Root thread refreshed after Batch B search; no external replies visible under root thread"
2026-06-20T22:35:54+05:30,linkedin,anchor-post,checkpoint-live,https://www.linkedin.com/feed/update/urn:li:activity:7474074950476382208/,106,0,1,0,24,0,0,"Anchor post refreshed; first-comment link showed 20 impressions; no external comments visible"
2026-06-20T22:35:54+05:30,x,engagement-batch-b,posted,,0,0,0,0,,0,0,"Posted 2 more no-link replies under live GTM/AI-agent conversations: 2068379658677256638 2068379782845550763"
2026-06-20T22:40:41+05:30,x,thread,checkpoint-live,https://x.com/ruchitdalwadi/status/2068304482589650946,51,1,2,0,,0,0,"Root thread refreshed; no external replies visible under root thread"
2026-06-20T22:40:41+05:30,linkedin,anchor-post,checkpoint-live,https://www.linkedin.com/feed/update/urn:li:activity:7474074950476382208/,107,0,1,0,24,0,0,"Anchor post refreshed; first-comment link still showed 20 impressions; no external comments visible"
2026-06-20T22:40:41+05:30,x,engagement-batch-c,posted,,0,0,0,0,,0,0,"Posted 2 no-link replies under live AI-agent GTM/founder-led-sales conversations: 2068380961314914786 2068380996974895157"
2026-06-20T22:42:46+05:30,x,thread,checkpoint-live,https://x.com/ruchitdalwadi/status/2068304482589650946,54,1,2,0,,0,0,"Root thread refreshed after X notification check; notification was a new follower, not a campaign reply"
2026-06-20T22:42:46+05:30,linkedin,anchor-post,checkpoint-live,https://www.linkedin.com/feed/update/urn:li:activity:7474074950476382208/,108,0,1,0,24,0,0,"Anchor post refreshed; first-comment link still showed 20 impressions"
2026-06-20T22:42:46+05:30,x,paid-pilot-followup,drafted,,0,0,0,0,,0,0,"Prepared next sharp follow-up package; do not publish until engagement batches have had time to breathe"
2026-06-20T22:49:57+05:30,campaign,monitor-check,decision,,0,0,0,0,,0,0,"X remained at 54 views and LinkedIn remained at 108 impressions; no campaign-quality reply found; held paid-pilot follow-up for a later checkpoint"
2026-06-21T17:22:58+05:30,x,thread,checkpoint-live,https://x.com/ruchitdalwadi/status/2068304482589650946,85,2,2,1,,0,0,"Root thread refreshed; visible counters showed 85 views, 2 replies, 1 repost, 2 likes; Luke Sophinos reply found in notifications from earlier public touch"
2026-06-21T17:22:58+05:30,linkedin,anchor-post,checkpoint-live,https://www.linkedin.com/feed/update/urn:li:activity:7474074950476382208/,174,2,1,0,25,0,0,"Anchor post refreshed; first-comment link showed 26 impressions; profile viewers 25"
2026-06-21T17:22:58+05:30,x,verified-response,reply-source,https://x.com/ruchitdalwadi/status/2068377274689470885,0,0,0,0,,0,1,"Luke Sophinos replied to earlier vertical AI public touch: horizontal GPT differentiation is an important objection"
2026-06-21T17:28:23+05:30,x,thread,checkpoint-live,https://x.com/ruchitdalwadi/status/2068304482589650946,86,2,2,1,,0,0,"Light refresh: root thread moved +1 view; no additional campaign-quality notification beyond Luke"
2026-06-21T17:28:23+05:30,linkedin,anchor-post,checkpoint-live,https://www.linkedin.com/feed/update/urn:li:activity:7474074950476382208/,174,2,1,0,25,0,0,"Light refresh: LinkedIn anchor unchanged; first-comment link still 26 impressions"
2026-06-21T17:33:36+05:30,x,thread,checkpoint-live,https://x.com/ruchitdalwadi/status/2068304482589650946,87,2,2,1,,0,0,"Light refresh: root thread moved +1 view; visible counters showed 2 replies, 1 repost, 2 likes; notifications showed Udbhav Tewari liked the repost, not a verified response"
2026-06-21T17:33:36+05:30,linkedin,anchor-post,checkpoint-live,https://www.linkedin.com/feed/update/urn:li:activity:7474074950476382208/,174,2,1,0,25,0,0,"Light refresh: LinkedIn anchor unchanged at 174 impressions, 2 reactions, 1 comment, 25 profile viewers; first-comment link still 26 impressions"
2026-06-21T17:36:49+05:30,x,thread,checkpoint-live,https://x.com/ruchitdalwadi/status/2068304482589650946,87,2,2,1,,0,0,"Light refresh: root thread unchanged at 87 views; X notifications still show Luke Sophinos as only verified response plus Udbhav Tewari repost-like"
2026-06-21T17:36:49+05:30,linkedin,anchor-post,checkpoint-live,https://www.linkedin.com/feed/update/urn:li:activity:7474074950476382208/,176,2,1,0,25,0,0,"Light refresh: LinkedIn anchor rose to 176 impressions, 2 reactions, 1 comment, 25 profile viewers; first-comment link still 26 impressions"
2026-06-21T17:36:49+05:30,campaign,horizontal-gpt-followup,drafted,,0,0,0,0,,0,0,"Prepared X and LinkedIn follow-up posts from Luke Sophinos's horizontal GPT objection; no publishing without explicit approval"
2026-06-21T17:40:43+05:30,x,thread,checkpoint-live,https://x.com/ruchitdalwadi/status/2068304482589650946,88,2,2,1,,0,0,"Light refresh: root thread moved +1 view to 88; visible counters still 2 replies, 1 repost, 2 likes; no new verified response beyond Luke"
2026-06-21T17:40:43+05:30,linkedin,anchor-post,checkpoint-live,https://www.linkedin.com/feed/update/urn:li:activity:7474074950476382208/,177,2,1,0,25,0,0,"Light refresh: LinkedIn anchor rose to 177 impressions, 2 reactions, 1 comment, 25 profile viewers; first-comment link still 26 impressions"
2026-06-21T17:40:43+05:30,campaign,day-2-rescue-sprint,drafted,,0,0,0,0,,0,0,"Prepared day-2 rescue sprint plus optional horizontal GPT link reply/comment assets; no live side effects"
2026-06-21T17:45:38+05:30,x,thread,checkpoint-live,https://x.com/ruchitdalwadi/status/2068304482589650946,89,2,2,1,,0,0,"Light refresh: root thread moved +1 view to 89; visible counters still 2 replies, 1 repost, 2 likes; Luke reply view count showed 10; no new verified response"
2026-06-21T17:45:38+05:30,linkedin,anchor-post,checkpoint-live,https://www.linkedin.com/feed/update/urn:li:activity:7474074950476382208/,178,2,1,0,25,0,0,"Light refresh: LinkedIn anchor rose to 178 impressions, 2 reactions, 1 comment, 25 profile viewers; first-comment link still 26 impressions"
2026-06-21T17:45:38+05:30,x,horizontal-gpt-engagement-queue,drafted,,0,0,0,0,,0,0,"Prepared 5-candidate no-link X engagement queue from live searches around ChatGPT wrapper, vertical AI, and AI agents GTM; no replies posted"
2026-06-21T17:49:55+05:30,x,thread,checkpoint-live,https://x.com/ruchitdalwadi/status/2068304482589650946,90,2,2,1,,0,0,"Light refresh: root thread moved +1 view to 90; visible counters still 2 replies, 1 repost, 2 likes; Luke reply view count showed 11; no new verified response"
2026-06-21T17:49:55+05:30,linkedin,anchor-post,checkpoint-live,https://www.linkedin.com/feed/update/urn:li:activity:7474074950476382208/,180,2,1,0,25,0,0,"Light refresh: LinkedIn anchor rose to 180 impressions, 2 reactions, 1 comment, 25 profile viewers; first-comment link rose to 27 impressions"
2026-06-21T17:49:55+05:30,linkedin,horizontal-gpt-engagement-queue,drafted,,0,0,0,0,,0,0,"Prepared 5-candidate no-link LinkedIn engagement queue from live searches around vertical AI, ChatGPT, and AI agents GTM; no comments posted"
2026-06-21T17:53:21+05:30,x,thread,checkpoint-live,https://x.com/ruchitdalwadi/status/2068304482589650946,91,2,2,1,,0,0,"Light refresh: root thread moved +1 view to 91; visible counters still 2 replies, 1 repost, 2 likes; Luke reply view count showed 12; no new verified response"
2026-06-21T17:53:21+05:30,linkedin,anchor-post,checkpoint-live,https://www.linkedin.com/feed/update/urn:li:activity:7474074950476382208/,183,2,1,0,25,0,0,"Light refresh: LinkedIn anchor rose to 183 impressions, 2 reactions, 1 comment, 25 profile viewers; first-comment link still 27 impressions"
2026-06-21T17:53:21+05:30,campaign,next-approval-bundle,drafted,,0,0,0,0,,0,0,"Prepared concise approval bundle; recommended approval remains reply to Luke Sophinos"
2026-06-21T17:56:14+05:30,x,thread,checkpoint-live,https://x.com/ruchitdalwadi/status/2068304482589650946,92,2,2,1,,0,0,"Light refresh: root thread moved +1 view to 92; visible counters still 2 replies, 1 repost, 2 likes; Luke reply view count showed 13; no new verified response"
2026-06-21T17:56:14+05:30,linkedin,anchor-post,checkpoint-live,https://www.linkedin.com/feed/update/urn:li:activity:7474074950476382208/,184,2,1,0,25,0,0,"Light refresh: LinkedIn anchor rose to 184 impressions, 2 reactions, 1 comment, 25 profile viewers; first-comment link still 27 impressions"
2026-06-21T17:56:14+05:30,campaign,luke-reply-runbook,drafted,,0,0,0,0,,0,0,"Prepared Luke reply execution runbook with pre-post checks, posting steps, and T+30/T+90 monitoring; no live action taken"
2026-06-21T18:00:12+05:30,x,thread,checkpoint-live,https://x.com/ruchitdalwadi/status/2068304482589650946,93,2,2,1,,0,0,"Light refresh: root thread moved +1 view to 93; visible counters still 2 replies, 1 repost, 2 likes; Luke reply view count showed 15; no new verified response"
2026-06-21T18:00:12+05:30,linkedin,anchor-post,checkpoint-live,https://www.linkedin.com/feed/update/urn:li:activity:7474074950476382208/,185,2,1,0,25,0,0,"Light refresh: LinkedIn anchor rose to 185 impressions, 2 reactions, 1 comment, 25 profile viewers; first-comment link still 27 impressions"
2026-06-22T00:04:51+05:30,x,thread,checkpoint-live,https://x.com/ruchitdalwadi/status/2068304482589650946,95,2,2,1,,0,0,"Late checkpoint: root thread rose to 95 views; visible counters still 2 replies, 1 repost, 2 likes; Luke reply showed 17 views on reply page and 18 in notifications; no new verified response"
2026-06-22T00:04:51+05:30,linkedin,anchor-post,checkpoint-live,https://www.linkedin.com/feed/update/urn:li:activity:7474074950476382208/,195,2,1,0,25,0,0,"Late checkpoint: LinkedIn anchor rose to 195 impressions, 2 reactions, 1 comment, 25 profile viewers; first-comment link still 27 impressions"
T+1h,linkedin,document-carousel,checkpoint-1h,,,,,,,,,"Fill after publishing"
T+3h,linkedin,document-carousel,checkpoint-3h,,,,,,,,,"Fill after publishing"
T+6h,linkedin,document-carousel,checkpoint-6h,,,,,,,,,"Decide whether to publish follow-up"
T+24h,linkedin,document-carousel,checkpoint-24h,,,,,,,,,"Decide whether LinkedIn anchor fallback is needed"
T+48h,linkedin,document-carousel,checkpoint-48h,,,,,,,,,"Decide keep/pivot/outreach"
Day 7,linkedin,document-carousel,checkpoint-day-7,,,,,,,,,"Weekly review"
Day 14,linkedin,document-carousel,checkpoint-day-14,,,,,,,,,"Mid-campaign review"
Day 30,linkedin,document-carousel,checkpoint-day-30,,,,,,,,,"Final campaign review"
T+1h,x,thread,checkpoint-1h,,,,,,,,,"Fill after publishing"
T+3h,x,thread,checkpoint-3h,,,,,,,,,"Fill after publishing"
T+6h,x,thread,checkpoint-6h,,,,,,,,,"Decide whether to publish standalone X1"
T+24h,x,thread,checkpoint-24h,,,,,,,,,"Publish standalone if thread slows"
T+48h,x,thread,checkpoint-48h,,,,,,,,,"Decide keep/pivot/outreach"
Day 7,x,thread,checkpoint-day-7,,,,,,,,,"Weekly review"
Day 14,x,thread,checkpoint-day-14,,,,,,,,,"Mid-campaign review"
Day 30,x,thread,checkpoint-day-30,,,,,,,,,"Final campaign review"
Day 1,x,standalone-1,follow-up,,,,,,,,,"Paid pilot angle"
Day 2,x,standalone-2,follow-up,,,,,,,,,"Founder attention angle"
Day 3,x,standalone-3,follow-up,,,,,,,,,"Live workflow angle"
Day 5,linkedin,investor-forwardable,follow-up,,,,,,,,,"Use if launch post slowed"
Day 8,linkedin,consulting-boundary,follow-up,,,,,,,,,"Objection-week post"
2026-06-22T00:21:17+05:30,linkedin,high-engagement-comment-keerthan-singhvi,posted,https://www.linkedin.com/feed/update/urn:li:activity:7469961485763379200/,0,0,0,0,,0,0,"Posted no-link comment under AI retention-agent/GTM workflow post; visible pre-post counters 67 reactions and 14 comments; comment counter increased to 15"
2026-06-22T00:21:17+05:30,linkedin,high-engagement-comment-apuarv-sethi,posted,https://www.linkedin.com/search/results/content/?keywords=AI%20agents%20GTM&origin=GLOBAL_SEARCH_HEADER,0,0,0,0,,0,0,"Posted no-link comment under AI-first marketing/GTM agent workflow post; visible pre-post counters 226 reactions, 13 comments, 7 reposts; comment text verified in DOM"
2026-06-22T00:21:17+05:30,linkedin,high-engagement-comment-manas-yash-sunita-pal,posted,https://www.linkedin.com/search/results/content/?keywords=paid%20pilot%20startup&origin=GLOBAL_SEARCH_HEADER,0,0,0,0,,0,0,"Posted no-link comment under paid-pilot/design-partner post; visible pre-post counters 54 reactions, 6 comments, 7 reposts; comment counter increased to 7"
2026-06-22T00:21:17+05:30,linkedin,high-engagement-comment-bluepen-ai,posted,https://www.linkedin.com/search/results/content/?keywords=paid%20pilot%20startup&origin=GLOBAL_SEARCH_HEADER,0,0,0,0,,0,0,"Posted no-link comment under first-paid-pilot/full-price-user-pull post; visible pre-post counters 16 reactions and 2 comments; comment text verified in DOM"
2026-06-22T00:21:17+05:30,linkedin,high-engagement-comment-alen-alosious,posted,https://www.linkedin.com/in/alenalosious/,0,0,0,0,,0,0,"Posted no-link comment under GTM systems/positioning/customer-acquisition post; visible post counters after posting 10 reactions and 8 comments; landed on first visible AI positioning GTM result rather than intended Dipti article"
2026-06-22T00:25:09+05:30,linkedin,anchor-post,checkpoint-live,https://www.linkedin.com/feed/update/urn:li:activity:7474074950476382208/,196,2,1,0,25,0,0,"Post-comment-batch checkpoint: LinkedIn anchor moved +1 to 196 impressions; profile viewers stayed 25; first-comment link stayed 27 impressions; notifications showed no campaign-quality reply"
2026-06-22T00:25:09+05:30,x,thread,checkpoint-live,https://x.com/ruchitdalwadi/status/2068304482589650946,96,2,2,1,,0,0,"Post-comment-batch checkpoint: X root moved +1 to 96 views; visible counters still 2 replies, 1 repost, 2 likes; Luke Sophinos remains the only verified response and showed 19 views in notifications"
2026-06-22T00:39:02+05:30,linkedin,anchor-post,checkpoint-live,https://www.linkedin.com/feed/update/urn:li:activity:7474074950476382208/,196,2,1,0,25,0,0,"Read-only checkpoint: LinkedIn anchor unchanged at 196 impressions; profile viewers stayed 25; first-comment link stayed 27 impressions; notifications showed no campaign-quality reply"
2026-06-22T00:39:02+05:30,x,thread,checkpoint-live,https://x.com/ruchitdalwadi/status/2068304482589650946,97,2,2,1,,0,0,"Read-only checkpoint: X root moved +1 to 97 views; visible counters still 2 replies, 1 repost, 2 likes; Luke Sophinos remains the only verified response and showed 20 views in notifications"
2026-06-22T09:20:30+05:30,linkedin,anchor-post,checkpoint-live,https://www.linkedin.com/feed/update/urn:li:activity:7474074950476382208/,217,2,1,0,27,0,0,"Morning read-only checkpoint: LinkedIn anchor rose from 196 to 217 visible impressions; profile viewers rose from 25 to 27; first-comment link stayed 27 impressions; LinkedIn notifications showed no campaign-quality reply"
2026-06-22T09:20:30+05:30,x,thread,checkpoint-live,https://x.com/ruchitdalwadi/status/2068304482589650946,99,2,2,1,,0,0,"Morning read-only checkpoint: X root moved from 97 to 99 views; visible counters still 2 replies, 1 repost, 2 likes; Luke Sophinos remains the only verified response and showed 22 views in notifications"
2026-06-22T09:22:56+05:30,linkedin,anchor-post,checkpoint-live,https://www.linkedin.com/feed/update/urn:li:activity:7474074950476382208/,220,2,1,0,28,0,0,"Heartbeat read-only checkpoint: LinkedIn anchor rose from 217 to 220 visible impressions; profile viewers rose from 27 to 28; first-comment link rose from 27 to 28 impressions; LinkedIn notifications still showed no campaign-quality reply"
2026-06-22T09:22:56+05:30,x,thread,checkpoint-live,https://x.com/ruchitdalwadi/status/2068304482589650946,99,2,2,1,,0,0,"Heartbeat read-only checkpoint: X root stayed at 99 views; visible counters still 2 replies, 1 repost, 2 likes; Luke Sophinos remains the only verified response and showed 23 views in notifications"
2026-06-22T11:23:05+05:30,linkedin,anchor-post,checkpoint-live,https://www.linkedin.com/feed/update/urn:li:activity:7474074950476382208/,225,2,1,0,28,0,0,"Late-morning read-only checkpoint: LinkedIn anchor rose from 220 to 225 visible impressions; profile viewers stayed 28; first-comment link stayed 28 impressions; LinkedIn notifications showed no campaign-quality reply"
2026-06-22T11:23:05+05:30,x,thread,checkpoint-live,https://x.com/ruchitdalwadi/status/2068304482589650946,104,2,2,1,,0,0,"Late-morning read-only checkpoint: X root rose from 99 to 104 views; visible counters still 2 replies, 1 repost, 2 likes; Luke Sophinos remains the only verified response and showed 25 views in notifications"
2026-06-22T13:24:46+05:30,linkedin,anchor-post,checkpoint-live,https://www.linkedin.com/feed/update/urn:li:activity:7474074950476382208/,233,2,1,0,28,0,0,"Early-afternoon read-only checkpoint: LinkedIn anchor rose from 225 to 233 visible impressions; profile viewers stayed 28; first-comment link stayed 28 impressions; LinkedIn notifications showed no campaign-quality reply"
2026-06-22T13:24:46+05:30,x,thread,checkpoint-live,https://x.com/ruchitdalwadi/status/2068304482589650946,105,2,2,1,,0,0,"Early-afternoon read-only checkpoint: X root rose from 104 to 105 views; visible counters still 2 replies, 1 repost, 2 likes; Luke Sophinos remains the only verified response and showed 26 views in notifications"
2026-07-01T11:33:00+05:30,x,day-5-1130-ist-due-x-retry-verification,blocked_browser_timeout,https://x.com/ruchitdalwadi/with_replies,,,,,,,,"Attempted to verify four due X retry rows before retrying. Browser/X timed out twice, including after reconnect. Stopped platform for this wakeup; no duplicate-post risk taken."
2026-07-01T12:15:00+05:30,campaign,day-5-1215-ist-browser-control-health-check,blocked_browser_timeout,,,,,,,,,Fresh heartbeat retry could not inspect live platforms because browser control timed out before selected-tab state returned. No public action posted; retry rows preserved.
2026-07-01T13:00:00+05:30,campaign,day-5-1300-ist-browser-control-health-check,blocked_browser_timeout,,,,,,,,,"Browser setup connected, but selected-tab health check timed out and reset control. No live platform inspection; no public action posted; retry rows preserved."
2026-07-01T13:44:00+05:30,campaign,day-5-1344-ist-browser-tab-listing-health-check,blocked_browser_timeout,,,,,,,,,"Browser setup connected, but tab listing/user open-tabs health check timed out before live platform access. No public action posted; retry rows preserved."
2026-07-01T14:29:00+05:30,campaign,day-5-1429-ist-browser-troubleshooting-gate,blocked_browser_timeout,,,,,,,,,"Browser troubleshooting pass reacquired fresh browser, but fresh tab creation timed out. No public action posted. Heartbeat automation updated with browser-health gate."
2026-07-01T23:00:00+05:30,campaign,day-5-2300-ist-user-gap-recovery,blocked_browser_timeout,,,,,,,,,User-requested gap recovery: local audit completed; browser failed below platform level during LinkedIn navigation and selected-tab inspection. No verified X/LinkedIn action posted.
2026-07-02T00:27:00+05:30,x,day-5-x-retry-recovery-batch,verified_retry_batch,https://x.com/ruchitdalwadi/with_replies,,,,,,,4,"Verified four queued Day 5 X replies on with_replies. Chris had already landed; Pawel, Claire, and Peter were posted during this retry pass."
2026-07-02T00:27:00+05:30,x,day-5-chris-raroque-ai-assistant-connectors-reply,verified_reply,https://x.com/ruchitdalwadi/status/2072179626743587195,,,,,,,1,Verified on with_replies during 00:27 IST retry pass. This reply had landed earlier despite prior browser verification failure. Target: https://x.com/raroque/status/2072076576376725800
2026-07-02T00:27:00+05:30,x,day-5-pawel-huryn-sonnet-model-choice-reply,verified_reply,https://x.com/ruchitdalwadi/status/2072393460985073786,,,,,,,1,"Posted during clean retry and verified on with_replies. Target showed ~7,000 views, 18 replies, 41 likes, 9 bookmarks before retry. Target: https://x.com/PawelHuryn/status/2072023054272602449"
2026-07-02T00:27:00+05:30,x,day-5-claire-vo-claude-access-workflows-reply,verified_reply,https://x.com/ruchitdalwadi/status/2072393573857968245,,,,,,,1,"Posted during clean retry and verified on with_replies/in-thread. Target showed ~6,389 views, 7 replies, 50 likes, 4 bookmarks before retry. Target: https://x.com/clairevo/status/2072114916623048856"
2026-07-02T00:27:00+05:30,x,day-5-peter-yang-fable-usage-limits-reply,verified_reply,https://x.com/ruchitdalwadi/status/2072393680334541257,,,,,,,1,"Posted during clean retry and verified on with_replies/in-thread. Target showed ~123.1K views, 97 replies, 611 likes, 67 bookmarks before retry. Target: https://x.com/petergyang/status/2072165346476511583"
2026-07-02T01:18:00+05:30,linkedin,day-6-0118-ist-linkedin-first-comment-batch,blocked_browser_timeout,https://www.linkedin.com/search/results/content/?keywords=AI%20workflow,,,,,,,,LinkedIn-first recovery attempt: navigation to AI workflow search timed out and reset; recovery tab inspection timed out. No public action posted.
2026-07-02T11:36:37+05:30,linkedin,day-6-linkedin-comment-batch-1,posted,https://www.linkedin.com/search/results/content/?keywords=AI%20workflow&origin=GLOBAL_SEARCH_HEADER,,724,142,90,,0,0,"Completed and in-page verified first Day 6 LinkedIn comment batch with 5 no-link comments: Rishita Katoch confident-wrongness / verification, Harish kumar AI tools to workflows, Brevity 10-hours-saved workflow poll, SGS AI-at-work workflow automation poll, and Shivani Sisodiya AI agents collaboration. Browser path was healthy after prior timeout. No DMs, emails, uploads, profile edits, paid actions, or security/account changes."
2026-07-02T13:00:09+05:30,x,day-6-x-premium-reply-batch-2,posted,https://x.com/ruchitdalwadi/with_replies,564333,1359,126,373,,0,5,"Completed and verified second Day 6 X reply batch with 5 replies: David Marco workspace quality gate, freeCodeCamp Claude Code repo rules, Olly Hudson context library, LangChain agent eval observability, and Cognition model-routing merge eval. Sampled three X Premium lane families before posting. No DMs, emails, uploads, profile edits, paid actions, or security/account changes."
2026-07-02T13:47:20+05:30,linkedin,day-6-linkedin-comment-batch-2,posted,https://www.linkedin.com/search/results/content/?keywords=AI%20agents%20evals%20workflow&origin=GLOBAL_SEARCH_HEADER,,18,6,,,0,0,"Completed and in-page verified second Day 6 LinkedIn comment batch with 5 no-link comments: Vornix Solutions workflow automation poll, Gordian Staffing Careers AI-at-work productivity poll, Dev Mohite AI learning/coding article, Srinivas Gutta agentic coding/orchestration post, and Alex Padaliya production AI teammate post. Browser path was healthy. No DMs, emails, uploads, profile edits, paid actions, or security/account changes."
2026-07-02T14:29:25+05:30,x,day-6-x-premium-reply-batch-3,posted,https://x.com/ruchitdalwadi/with_replies,33100,468,33,106,,0,5,"Completed and verified third Day 6 X reply batch with 5 replies: Myttle Claude Tag/shared handoff, AI Guides agent-skill harness, Daily Dose agent harness architecture, Maestro MCP screen-driving coding-agent flow, and kuch Claude Code folder/CLAUDE.md beginner agent. Sampled three X Premium lane families before posting. No DMs, emails, uploads, profile edits, paid actions, or security/account changes."
2026-07-02T15:12:32+05:30,linkedin,day-6-linkedin-native-rejected-output-workflow,posted,https://www.linkedin.com/feed/update/urn:li:share:7478382489783144448/,,,,,,0,0,"Posted native LinkedIn text post through Composio as urn:li:share:7478382489783144448. Tool path: Composio LinkedIn. GET_POST_CONTENT read-back returned 403 Forbidden, so metrics are blank until a later visible checkpoint. No DMs, emails, uploads, profile edits, paid actions, or security/account changes."
2026-07-02T15:58:35+05:30,x,day-6-1558-ist-x-native-browser-health-check,blocked_browser_timeout,https://x.com/compose/post,,,,,,,,Heartbeat attempted X native recovery because Day 6 X native posts were still 0/3. Browser setup/reconnect could not pass tab-level selected/list health checks; both attempts timed out and reset before X could be inspected. No public action posted.
2026-07-02T16:46:45+05:30,campaign,day-6-1300-ist-post-stats-refresh,blocked_tool_timeout,,,,,,,,,"Daily stats refresh was due. Checked 21 active rows in post-stats-registry.md. Composio LinkedIn read-back attempt for the native LinkedIn share plus identity check timed out after 300s; browser X/browser LinkedIn stats were skipped because the most recent two tab-level browser health checks timed out. No stats updated and no public action taken."
2026-07-03T09:58:20+05:30,linkedin,day-7-linkedin-native-agent-handoff-card,posted,https://www.linkedin.com/feed/update/urn:li:share:7478665802834038785/,,,,,,,0,"Posted native LinkedIn text post through Composio as urn:li:share:7478665802834038785. GET_POST_CONTENT read-back returned 403 Forbidden, so metrics are blank until a visible checkpoint. Tool path: Composio LinkedIn. No public LinkedIn comments were attempted because no accessible share/ugcPost target was available without browser search; browser X stayed gated by tab-level failures."
2026-07-03T13:41:24+05:30,campaign,day-7-1300-ist-post-stats-refresh,blocked_tool_limitation,,,,,,,,,"Daily stats refresh was due. Checked 22 active rows in post-stats-registry.md. Composio LinkedIn GET_POST_CONTENT returned 403 Forbidden for both active native share URNs; LINKEDIN_GET_SHARE_STATS is organization-scoped and not applicable to personal profile shares. Browser X/browser LinkedIn stats were skipped because the most recent two tab-level browser health checks timed out. No stats updated and no public action taken."
2026-07-03T14:26:25+05:30,linkedin,day-7-1426-ist-linkedin-comment-block,blocked_no_accessible_target,,,,,,,,,"14:00 IST block attempted Composio-only LinkedIn comment routing because Day 7 LinkedIn comments were 0/3 and browser remained gated. Composio LinkedIn was active and comment creation exists, but requires an accessible share/ugcPost/comment URN; no Composio public post search target was available and browser-search targets lack durable supported URNs. No public action taken."
2026-07-03T17:51:42+05:30,x,day-7-1751-ist-user-requested-x-browser-retry,blocked_browser_timeout,,,,,,,,,"User-requested X/browser retry: browser setup connected, but fresh tab creation timed out after 20s; after reconnect, selected-tab lookup timed out after 10s and fresh tab creation timed out after 20s. No X page inspected, no X post/reply made, and browser gate remains active."
2026-07-04T03:07:37+05:30,linkedin,day-8-linkedin-native-model-switch-note,posted,https://www.linkedin.com/feed/update/urn:li:share:7479030295779004416/,,,,,,,0,"Posted native LinkedIn text post through Composio as urn:li:share:7479030295779004416. GET_POST_CONTENT read-back was not attempted because COMPOSIO_GET_TOOL_SCHEMAS for that tool failed with a Composio transport HTTP request error. Metrics are blank until a later visible checkpoint. Tool path: Composio LinkedIn."
2026-07-04T13:25:04+05:30,linkedin,day-8-linkedin-native-model-switch-note,stats_refresh,https://www.linkedin.com/feed/update/urn:li:share:7479030295779004416/,,2,,,,,0,"Daily stats refresh via Composio LinkedIn. GET_POST_CONTENT returned 403 Forbidden; LIST_REACTIONS returned total=2. Views/comments/reposts unavailable; browser lookup skipped because browser remains gated."
2026-07-04T13:25:04+05:30,linkedin,day-7-linkedin-native-agent-handoff-card,stats_refresh,https://www.linkedin.com/feed/update/urn:li:share:7478665802834038785/,,0,,,,,0,"Daily stats refresh via Composio LinkedIn. GET_POST_CONTENT returned 403 Forbidden; LIST_REACTIONS returned total=0. Views/comments/reposts unavailable; browser lookup skipped because browser remains gated."
2026-07-04T13:25:04+05:30,linkedin,day-6-linkedin-native-rejected-output-workflow,stats_refresh,https://www.linkedin.com/feed/update/urn:li:share:7478382489783144448/,,2,,,,,0,"Daily stats refresh via Composio LinkedIn. GET_POST_CONTENT returned 403 Forbidden; LIST_REACTIONS returned total=2. Views/comments/reposts unavailable; browser lookup skipped because browser remains gated."
2026-07-04T13:25:04+05:30,campaign,day-8-1300-ist-post-stats-refresh,partial_stats_refresh,,,,,,,,,"Daily stats refresh checked 23 active registry rows. Updated verified LinkedIn reaction totals for 3 native shares via LIST_REACTIONS. GET_POST_CONTENT returned 403 Forbidden for all 3 personal share URNs; LINKEDIN_GET_SHARE_STATS is organization-scoped and not applicable to personal profile shares. Browser X/browser LinkedIn stats were skipped because the latest browser retry failed below platform. No public action taken."
2026-07-04T17:11:15+05:30,x,day-8-x-native-demo-vs-product-discipline,posted,https://x.com/ruchitdalwadi/status/2073364437789188264,,,,,,,,"Reconciled first API-published native X post from local registry evidence. Stable status ID 2073364437789188264 decodes to 2026-07-04T16:42:57+05:30. Views/likes/replies/reposts unavailable because browser X remains gated."
2026-07-04T17:56:26+05:30,linkedin,day-8-linkedin-native-content-bank-auto,posted,https://www.linkedin.com/feed/update/urn:li:share:7479146031931322369/,,,,,,,,"Reconciled auto-published LinkedIn native post from local registry evidence. Stable URN: urn:li:share:7479146031931322369. Views/reactions/comments/reposts unavailable until a later stats refresh."
2026-07-04T17:58:42+05:30,x,day-8-x-native-failure-template,posted,https://x.com/ruchitdalwadi/status/2073383497478377535,0,0,0,0,,,0,"Posted via official API x-publish.mjs after OAuth whoami verified @ruchitdalwadi. Immediate API stats verified the status with 0 impressions, 0 likes, 0 replies, 0 reposts, 0 bookmarks."
2026-07-04T18:42:00+05:30,x,day-8-x-native-trend-gemini-1803,stats_refresh,https://x.com/ruchitdalwadi/status/2073384593697468521,9,0,1,0,,,0,"Reconciled GitHub Action trend agent post from registry row. X API verified public status with 9 impressions, 0 likes, 1 reply, 0 reposts, 0 bookmarks."
2026-07-04T18:42:00+05:30,x,day-8-x-native-trend-gemini-1758-not-found,not_found,https://x.com/ruchitdalwadi/status/2073383436920955152,,,,,,,,X API stats returned Not Found for registry row; not counted as verified public activity.
2026-07-06T14:37:22+05:30,campaign,day-10-comment-session-1,posted,https://x.com/ruchitdalwadi/with_replies,212128,1488,135,70,,,4,"Cold comment session: 3 X replies verified by twitterapi.io plus 1 LinkedIn comment verified in browser. X reply IDs: 2074052602887852519, 2074053543485751531, 2074054866172080480. LinkedIn comment permalink pending; target article URL saved. No DMs, follows, likes, reposts, profile edits, paid actions, uploads, or account/security changes."
2026-07-08T15:08:45+05:30,campaign,day-12-comment-session-1,posted,https://x.com/ruchitdalwadi/with_replies,915536,2795,135,,,,3,"Cold comment session: 3 X replies verified by twitterapi.io after visible-DOM composer checks and keyboard submit. Reply IDs: 2074788805706748349, 2074789416154063030, 2074790170713604182. LinkedIn article comment path remains blocked: browser editor rejected input, and Composio comment fallback requires share/ugcPost URN. No DMs, follows, likes, reposts, profile edits, paid actions, uploads, or account/security changes."
2026-07-08T18:25:00+05:30,campaign,day-12-comment-session-2,posted,https://x.com/ruchitdalwadi/with_replies,332755,2672,195,,,,3,"Cold comment session after gate update to 2.5 hours: 3 X replies verified by twitterapi.io after page-state composer checks and keyboard submit. Reply IDs: 2074837728517361879, 2074838321419952154, 2074839528670695435. LinkedIn sampled 16 lanes and attempted Andras Horvath Wrike AI agents article; browser editor rejected type and clipboard paste, and Composio GET_POST_CONTENT returned 403 for urn:li:ugcPost:7480294186626326529. No DMs, follows, likes, reposts, profile edits, paid actions, uploads, or account/security changes."
2026-07-08T21:14:30+05:30,campaign,day-12-comment-session-3,partial_with_accidental_native,https://x.com/ruchitdalwadi/with_replies,73177,886,61,,,,3,"Cold comment session: 1 LinkedIn browser-verified comment plus 2 X replies verified by twitterapi.io. LinkedIn target Siddharth Bhalsod eval article had 9 reactions and 2 comments before posting; after submit the page showed Ruchit D's comment and 3 comments. X reply IDs: 2074881468116201754 and 2074882175271665863. One unintended native X post also appeared during verification: 2074881271621198245, likely stale composer focus; actions stopped immediately after detection."
2026-07-08T21:10:19+05:30,x,day-12-x-accidental-coding-agent-refactor-native,posted_accidental,https://x.com/ruchitdalwadi/status/2074881271621198245,,,,,,,0,"Unintended native X post verified via twitterapi.io. Logged as separate public asset; not counted as a cold comment."
